DeveloperKey,Developer
0,
1,10tacle Studios
2,"10tacle Studios, Fusionsphere Systems"
3,"1C, 1C Company"
4,"1C, Ino-Co, 1C Company"
5,"1C, Various, 1C Company"
6,1C: Maddox Games
7,1C:Ino-Co
8,1st Playable Productions
9,2015
10,2D Boy
11,2K Australia
12,2K Czech
13,2K Games
14,2K Marin
15,2K Play
16,2K Shanghai
17,2K Sports
18,2XL Games
19,343 Industries
20,369 Interactive
21,3DO
22,3G Studios
23,3d6 Games
24,49Games
25,4A Games
26,4J Studios
27,5000ft
28,505 Games
29,"505 Games, Sarbakan Inc."
30,5TH Cell
31,5pb
32,7 Studios
33,777 Studios
34,7Raven Studios
35,8Monkey Labs
36,8ing/Raizing
37,989 Sports
38,ACOT
39,AI
40,AQ Interactive
41,AWE Games
42,Access Games
43,Acclaim
44,Acclaim Studios Austin
45,Acclaim Studios Cheltenham
46,Acclaim Studios Manchester
47,Acquire
48,Activision
49,Activision Value
50,"Activision, Activision Blizzard"
51,"Activision, Behaviour Interactive"
52,"Activision, FreeStyleGames"
53,"Activision, Traveller's Tales"
54,Adrenium
55,Agatsuma Entertainment
56,Agenda
57,Agetec
58,Airtight Games
59,Akella
60,Aki Corp.
61,"Alawar Entertainment, Inc, Alawar Entertainment"
62,"Alchemist, Inti Creates"
63,Alfa System
64,Alpha Unit
65,Alphadream Corporation
66,Alternative Software
67,Altron
68,Amanita Design
69,Amaze
70,Amaze Entertainment
71,"Amaze Entertainment, Griptonite Games"
72,"Amaze Entertainment, Vivendi Games"
73,"Amaze Entertainment, Walt Disney Japan"
74,Amble
75,Ambrella
76,"Ambrella, The Pokemon Company"
77,Amedio
78,Amusement Vision
79,Amuze
80,Anchor
81,Anchor Bay Entertainment
82,Ancient
83,Andamiro U.S.A. Corp.
84,Angel Studios
85,Animation Arts
86,Anino Entertainment
87,ApolloSoft
88,Appaloosa Interactive
89,Aqua Pacific
90,"Aqua Pacific, In2Games"
91,Aqua Plus
92,Aquria
93,Arc System Works
94,Arcade Moon
95,ArenaNet
96,Argonaut Games
97,Arika
98,Arkane Studios
99,Arkedo Studio
100,Armature Studio
101,"Armature Studio, comcept"
102,Arrowhead Game Studios
103,Art
104,Artdink
105,ArtePiazza
106,Artech Studios
107,Artefacts Studio
108,Artificial Mind and Movement
109,"Artificial Mind and Movement, EA Redwood Shores"
110,"Artificial Mind and Movement, Polygon Magic"
111,"Artificial Studios, Immersion Software & Graphics"
112,Artoon
113,Arts Software
114,Arzest
115,Ascaron Entertainment GmbH
116,"Ascaron Entertainment GmbH, Ascaron Entertainment"
117,"Asmik Ace Entertainment, Inc"
118,Asobo Studio
119,Aspect
120,"Aspect, Takara Tomy"
121,Aspyr
122,Astroll
123,Asylum Entertainment
124,Atari
125,"Atari, Atari SA"
126,"Atari, Slightly Mad Studios, Atari SA"
127,"Atari, Transmission Games, Atari SA"
128,Atlus
129,Atlus Co.
130,"Atlus, Dingo Inc."
131,Atomic Games
132,Atomic Motion
133,Atomic Planet Entertainment
134,"Atomic Planet Entertainment, Mud Duck Productions"
135,Attention Software
136,Attention To Detail
137,Attractive Games
138,Autumn Moon
139,Avalanche Software
140,Avalanche Studios
141,Avalon Style
142,Avanquest Software
143,Avit-Niigata
144,Awesome Play Ltd.
145,Awesome Studios
146,Axis Entertainment
147,B-Alive
148,B.B.Studio
149,BIP Games
150,Babylon Software
151,Backbone Emeryville
152,Backbone Entertainment
153,Backbone Vancouver
154,Bam Entertainment
155,Bandai
156,Bandai Namco Games
157,"Bandai Namco Games, Artdink"
158,Banpresto
159,"Banpresto, SoftMax"
160,Barking Lizards
161,Barnhouse Effect
162,Barnstorm Games
163,BattleGoat Studios
164,"Battlefront.com, 1C, 1C Company"
165,Bec
166,BeeWorks
167,Beenox
168,"Beenox, Other Ocean Interactive"
169,Beep Industries
170,Behavior Studios
171,Behaviour Interactive
172,Beluga Computer
173,Best Way
174,Bethesda Game Studios
175,Bethesda Softworks
176,Beyond Games
177,Beyond Reality
178,Big Ant Studios
179,Big Blue Box
180,Big Blue Bubble Inc.
181,"Big Blue Bubble Inc., Breakthrough New Media"
182,"Big Blue Bubble Inc., Scholastic, Inc."
183,Big Blue Entertainment
184,Big Fish Games
185,Big Head Games Ltd.
186,Big Huge Games
187,Big John Games
188,Big Red Button Entertainment
189,Big Red Software
190,Big Sky Software
191,Big Time Software
192,BigPark
193,"Bigben Interactive, Red Wagon Games"
194,Bigbig Studios
195,BioWare
196,"BioWare, Demiurge Studios"
197,Bionic Games
198,Bit Town
199,Bitmap Brothers
200,Bits Studios
201,Bizarre Creations
202,Black Box
203,Black Hole Games
204,Black Isle Studios
205,Black Lantern Studios
206,Black Ops Entertainment
207,Black Rock Studio
208,Black Sea Studios
209,Black Ship Games
210,Blade Interactive
211,Blast! Entertainment Ltd
212,Blitz Games
213,Blitz Games Studios
214,"Blitz Games, Human Soft"
215,Blizzard Entertainment
216,Blizzard North
217,Blue 52
218,Blue Byte
219,"Blue Byte, Related Designs"
220,Blue Castle Games
221,Blue Fang Games
222,Blue Omega
223,Blue Planet Software
224,Blue Shift
225,Blue Tea Games
226,Blue Tongue
227,Blue Tongue Entertainment
228,Bluepoint Games
229,Blueshift
230,Blueside
231,Bohemia Interactive
232,Bongfish
233,Boomzap
234,Boston Animation
235,BottleRocket Entertainment
236,Box Clever Interactive
237,Boxed Dream
238,Brain Toys
239,Brainbox Games
240,Braingame
241,Brash Entertainment
242,Bright Future GmbH
243,Broadsword Interactive
244,Brownie Brown
245,BudCat
246,"Buddiez, Inc."
247,Buena Vista Games
248,Buena Vista Interactive
249,Bugbear
250,"Buka Entertainment, Targem Games"
251,Bullets
252,Bullfrog Productions
253,Bungie
254,Bungie Software
255,"Bungie Software, Bungie"
256,Bunkasha Publishing
257,Buzz Monkey
258,"Buzz Monkey, EA Montreal"
259,CAProduction
260,CCP
261,CD Projekt Red Studio
262,CI Games
263,Camelot Software Planning
264,"Camouflaj, LLC"
265,Capcom
266,Capcom Vancouver
267,"Capcom, Klein Computer Entertainment"
268,"Capcom, Pipeworks Software, Inc."
269,"Capcom, QLOC"
270,Carapace
271,Carbine Studios
272,Career Soft
273,Cat Daddy Games
274,Cattle Call
275,Cauldron Ltd.
276,Cave
277,Cave Barn
278,Cavia Inc.
279,Celeris
280,Cerasus Media
281,Certain Affinity
282,ChaYoWo Games
283,Check Six Games
284,Chris Sawyer
285,ChunSoft
286,CiRCLE
287,Cinegroupe
288,Cinemaware
289,Cing
290,Circus Freak
291,City Interactive
292,"City Interactive, Deck 13"
293,Clap Hanz
294,Classic Media Distribution Limited
295,Climax Entertainment
296,Climax Group
297,"Climax Group, Climax Studios"
298,Climax Studios
299,Clockwork Games
300,Clover Studio
301,CodeFire
302,Codemasters
303,Codemasters Birmingham
304,Codo Games
305,Coffee Stain Studios
306,Cohort Studios
307,CokeM Interactive
308,Coldwood Interactive
309,Collision Studios
310,Colossal Order
311,Compile Heart
312,"Compile Heart, GCREST"
313,Compulsion Games
314,Computer Artworks
315,Confounding Factor
316,Conspiracy Entertainment
317,Contraband Entertainment
318,Cooking Mama Limited
319,Core Design Ltd.
320,Coresoft
321,Cosmigo
322,Cowboy Rodeo
323,Coyote Console
324,Coyote Developments
325,Crafts & Meister
326,Cranberry Production
327,Cranky Pants Games
328,Crave
329,"Crave, DTP Entertainment"
330,Crawfish Interactive
331,Crea-Tech
332,Creat Studios
333,Creations
334,Creative Assembly
335,Creative Patterns
336,Creatures Inc.
337,Crispy's
338,Criterion Games
339,Croteam
340,Cryptic Studios
341,Crystal Dynamics
342,"Crystal Dynamics, Nixxes Software"
343,Crytek
344,Cunning Developments
345,Curious Pictures
346,Curly Monsters
347,Cyan Worlds
348,Cyanide
349,"Cyanide, Cyanide Studios"
350,Cyber Planet
351,CyberConnect2
352,"CyberConnect2, Racjin"
353,"CyberPlanet Interactive Public Co., Ltd., Maximum Family Games"
354,Cyberlore Studios
355,Cygames
356,D3Publisher
357,DC Studios
358,DMA Design
359,"DMA Design, Rockstar North"
360,DMi Games
361,DONTNOD Entertainment
362,DSI Games
363,DTP Entertainment
364,Daedalic Entertainment
365,Dancing Dots
366,Danger Close
367,Darkworks
368,Data Design Interactive
369,David A. Palmer Productions
370,Day 1 Studios
371,Deadline Games
372,Dearsoft
373,Deck 13
374,Deep Fried Entertainment
375,Deep Red
376,Deep Silver
377,Deep Silver Dambuster Studios
378,"Deep Silver, Keen Games"
379,"Deep Silver, Sproing Interactive Media, Sproing"
380,Deep Space
381,Deibus Studios
382,Delphine Software International
383,Delta Factory
384,Denyu-Sha
385,Design Factory
386,Destination Software
387,Destineer
388,DiP Interactive
389,"Dice, Danger Close"
390,Digital Anvil
391,Digital Eclipse
392,Digital Embryo
393,Digital Extremes
394,"Digital Extremes, 2K Marin"
395,Digital Fiction
396,Digital Illusions
397,Digital Kids
398,Digital Leisure Inc.
399,Digital Mayhem
400,Dimps Corporation
401,"Dimps Corporation, Namco Bandai Games"
402,"Dimps Corporation, SCE Japan Studio"
403,"Dimps Corporation, Sonic Team"
404,Direct Action Games
405,Disney Interactive
406,Disney Interactive Studios
407,"Disney Interactive Studios, Land Ho!"
408,Doki Denki
409,Dorasu
410,Double Fine Productions
411,Double Helix Games
412,DoubleTap Games
413,Doublesix
414,Dovetail Games
415,Dracue
416,DreamCatcher Interactive
417,DreamFactory
418,DreamRift
419,Dreamcatcher
420,Dreamworks Games
421,Dreamworks Interactive
422,Dusenberry Martin Racing
423,EA Black Box
424,EA Bright Light
425,EA Canada
426,"EA Canada, EA Vancouver"
427,"EA Canada, Exient Entertainment"
428,"EA Canada, Nihilistic"
429,"EA Canada, Sensory Sweep"
430,EA Chicago
431,EA DICE
432,"EA DICE, Danger Close"
433,EA Games
434,EA Japan Studio
435,EA LA
436,EA Montreal
437,EA Mythic
438,EA Phenomic
439,EA Redwood Shores
440,"EA Redwood Shores, EA Salt Lake"
441,EA Salt Lake
442,EA Seattle
443,EA Sports
444,EA Sports Big
445,"EA Sports, EA Canada"
446,"EA Sports, EA Vancouver"
447,EA Tiburon
448,"EA Tiburon, n-Space"
449,EA Vancouver
450,EC Interactive Games
451,ECI
452,EKO Software
453,EM Studios
454,Eagle Dynamics
455,Easy Interactive
456,Eden Studios
457,"Edge Entertainment, Anima Project"
458,Edge of Reality
459,"Edmund McMillen, Florian Himsl"
460,Egosoft
461,Eiconic Games
462,Eidos Interactive
463,"Eidos Interactive, Tantalus Interactive"
464,Eidos Montreal
465,"Eidos Montreal, Nixxes Software"
466,Eighting
467,"Eighting, Genius Sonority Inc."
468,"Eighting, Takara Tomy"
469,Eighting/Raizing
470,Electronic Arts
471,"Electronic Arts, EA Redwood Shores"
472,"Electronic Arts, Rebellion"
473,Elixir Studios
474,Empire Interactive
475,Empire Oxford
476,Empty Clip Studios
477,Endemol
478,Engine Software
479,"Engine Software, Re-Logic"
480,Enigma Software Productions
481,EnjoyUp Games
482,Enlight Software
483,Ensemble Studios
484,Enterbrain
485,"Entersphere, Inc."
486,Epic Games
487,"Epic Games, People Can Fly"
488,Epicenter Interactive
489,Epicenter Studios
490,Epics
491,Equinoxe
492,Escape
493,Etranges Libellules
494,Eugen Systems
495,Eurocom Entertainment Software
496,"Eurocom Entertainment Software, Visceral Games"
497,Eutechnyx
498,"Eutechnyx, Deep Silver"
499,Evolution Games
500,Evolution Studios
501,Exakt
502,Examu
503,"Examu, Marvelous Inc."
504,Exient Entertainment
505,Experience Inc.
506,Extra Mile Studios
507,F84 Games
508,FAKT Software
509,FASA Studio
510,FUN Labs
511,Factor 5
512,"Factor 5, SCE/WWS"
513,Falcom
514,Fall Line Studio
515,Farmind Ltd
516,Farsight Studios
517,"Farsight Studios, Crave"
518,Farsight Technologies
519,Fatshark AB
520,FeelPlus
521,Felistella
522,Firaxis Games
523,FireFly Studios
524,Firebrand Games
525,Firehazard Studio
526,Fizz Factor
527,Flagship
528,Flagship Studios
529,"Flagship, HAL Labs"
530,Flight-Plan
531,Fluid Studios
532,Flying Lab Software
533,Flying Tiger Development
534,Foreign Media
535,Foundation 9 Entertainment
536,Fox Interactive
537,Frame Studios Interactive
538,Free Radical Design
539,FreeStyleGames
540,Freedom Factory Studios
541,Frima Studio
542,Frogwares
543,"Frogwares, Mistic Software"
544,From Software
545,FrontLine Studios
546,Frontier Developments
547,"Frontier Developments, Various"
548,"Frozenbyte, Inc."
549,FuRyu
550,Full Fat
551,Full-Fat
552,"Funatics Software, Funatics"
553,Funbox Media
554,Funcom
555,Fuse Games Limited
556,Fusionsphere Systems
557,"Fusionsphere Systems, Animation Arts"
558,G-Artists
559,G.Rev
560,G1M2
561,GCP1
562,GREZZO
563,GRIN
564,GSC Game World
565,Gaia (Sony)
566,Gaijin Entertainment
567,Gaijin Games
568,Game Arts
569,"Game Arts, Japan Art Media (JAM)"
570,"Game Arts, Seta Corporation"
571,Game Brains
572,Game Freak
573,Game Life
574,Game Machine Studios
575,Game Republic
576,"Game Republic, JapanStudio"
577,Game Sauce
578,Game Titan
579,GameCo
580,"GameMill Publishing, 1st Playable Productions"
581,Gameinvest
582,"Gameinvest, Seed Studios, Lda"
583,Gameloft
584,Gameness Art Software
585,Games Farm
586,Gaming Minds Studios
587,Gammick Entertainment
588,Ganbarion
589,Gas Powered Games
590,Gearbox Software
591,"Gearbox Software, 3D Realms"
592,"Gearbox Software, WayForward"
593,GenePool
594,Genius Sonority Inc.
595,"Genius Sonority Inc., Disney Interactive Studios"
596,Genki
597,"Genki, Kojima Productions"
598,Genuine Games
599,Gevo Entertainment
600,Ghost Games
601,Giants Software
602,Gimagin Games
603,Global A
604,Global Star Software
605,GlyphX Games
606,Glyphic Entertainment
607,Gogii Games
608,Good Science Studio
609,Good-Feel
610,Gorilla Games
611,Gorilla Systems
612,Goshow
613,Graffiti Entertainment
614,Graphic State
615,Grasshopper Manufacture
616,Gratuitous Games
617,Gravity-I
618,Griffin International
619,Griptonite Games
620,Guerilla Cambridge
621,Guerrilla
622,Guildford Studio
623,Gulti
624,GungHo
625,Gunnar Games
626,Gust
627,"Gust, Idea Factory"
628,Gusto Games
629,HAL Labs
630,"HAL Labs, Creatures Inc."
631,HB Studios Multimedia
632,Haemimont
633,Halfbrick Studios
634,HandMade Game
635,Handheld Games
636,Hangar 13
637,Happy Happening
638,Harmonix Music Systems
639,"Harmonix Music Systems, Backbone Entertainment"
640,"Harmonix Music Systems, Demiurge Studios"
641,Hasbro Interactive
642,Headfirst Productions
643,Headgate
644,Headlock
645,Headstrong Games
646,Headup Games
647,"Headup Games, Crenetic Studios"
648,Heavy Iron Studios
649,Helixe
650,Hellbent Games
651,Hello Games
652,Her Interactive
653,HexaDrive
654,High Impact Games
655,High Moon Studios
656,"High Moon Studios, Mercenary Technologies"
657,High Voltage Software
658,"High Voltage Software, Backbone Entertainment"
659,"High Voltage Software, Ubisoft Paris"
660,Hijinx Studios
661,Hit Maker
662,Hitmaker
663,Hoget
664,Hokus Pokus
665,Hoplite Research
666,Hot Lava Games
667,HotGen
668,Hothouse Creations
669,Housemarque
670,Hudson
671,Hudson Entertainment
672,Hudson Soft
673,"Hudson, NATSUME ATARI Inc."
674,Humagade
675,Human Entertainment
676,Human Head Studios
677,Human Soft
678,"Human Soft, Ivolgamus"
679,Humongous Entertainment
680,"Humongous Entertainment, Mistic Software"
681,Hyde
682,Hydravision
683,Hyper-Devbox
684,Hyperspace Cowgirls
685,Hypnos
686,Hypnos Entertainment
687,Hypnotix
688,I-Imagine
689,IR Gurus
690,IR Gurus Interactive Ltd.
691,ITL
692,Ice-Pick Lodge
693,Icon Games
694,Idea Factory
695,"Idea Factory, Compile Heart"
696,Idol Minds
697,Ignition Entertainment
698,Illusion Softworks
699,"Image Epoch, Imageepoch"
700,ImaginEngine
701,Imagineer
702,Immersion Software & Graphics
703,Impressions Games
704,Impulse Games
705,InLight Entertainment
706,InXile Entertainment
707,Incinerator Games
708,Incognito Inc.
709,Independent Arts
710,Indi
711,Indie Built
712,Indies Zero
713,Inevitable Entertainment
714,Inferno Games
715,"Infinite Dreams, Paragon 5"
716,Infinite Interactive
717,Infinite Machine
718,Infinity Ward
719,"Infinity Ward, Sledgehammer Games"
720,Infogrames
721,Infogrames Sheffield
722,Inland Productions
723,Ino-Co
724,Insomniac Games
725,Intelligent Systems
726,InterActive Vision Games
727,InterServ International
728,Interactive Brains
729,Interchannel
730,Interchannel-Holon
731,Interplay
732,"Interworks Unlimited, Inc."
733,Inti
734,Inti Creates
735,"Inti, Inti Creates"
736,"Introversion, Double Eleven"
737,Io Interactive
738,"Io Interactive, Nixxes Software"
739,Ion Storm
740,Irem
741,Iridon Interactive AB
742,Iron Galaxy Studios
743,Iron Lore Entertainment
744,"IronNos Co.,Ltd."
745,Ironclad Games
746,Irrational Games
747,"Irrational Games, 2K Marin"
748,Isopod Labs
749,Ivolgamus
750,Ivory Tower
751,JGI Entertainment
752,JV Games Inc.
753,Jack of All Games
754,"Jack of All Games, eV Interactive"
755,Jaleco Entertainment
756,Jellyvision
757,"Jellyvision, Iron Galaxy Studios"
758,Jester Interactive
759,Jet Black Games
760,JoWooD Entertainment AG
761,Joindots
762,"Joindots, Mastertronic"
763,Juice Games
764,Junction Point
765,Jupiter Corporation
766,"Jupiter Corporation, Jupiter Multimedia"
767,Jupiter Multimedia
768,Just Add Monsters
769,Just For Fun
770,K2
771,K2 LLC
772,"K2, Kurogane"
773,KCE Studios
774,KCEA
775,KCEJ
776,KCEK
777,KCEO
778,KCET
779,KING Art
780,KUNST-STOFF
781,Kadokawa
782,Kalypso
783,Kamui
784,Kando Games
785,Kaos Studios
786,Kat Games
787,Katauri Interactive
788,Keen Games
789,Kemco
790,Kheops Studio
791,Killaware
792,King of the Jungle
793,Klein Computer Entertainment
794,KnowWonder
795,Knowledge Adventure Inc.
796,Kodiak Interactive
797,Koei
798,Koei Canada
799,Koei Tecmo Games
800,"Koei, Omega Force"
801,Koei/Inis
802,Kojima Productions
803,"Kojima Productions, Moby Dick Studio"
804,Kokolo Corporation
805,Konami
806,Konami Computer Entertainment Hawaii
807,Konami Computer Entertainment Nagoya
808,Konami Software Shanghai
809,Koolhaus Games
810,Kouyousha
811,Krome Studios
812,"Krome Studios, Screenlife Games"
813,Kronos Digital Entertainment
814,Kuju Entertainment
815,Kung Fu Factory
816,Kunos Simulazioni
817,Kush Games
818,"Kush Games, Visual Concepts"
819,Kuusou Kagaku
820,Kylotonn
821,LDW
822,"LDW, Big Fish Games"
823,LSP
824,Lab Rats Games
825,"Lancarse, Atlus"
826,Land Ho!
827,Larian Studios
828,Le Cortex
829,Lead Pursuit
830,Left Field Productions
831,"Left Field Productions, Zoo Games"
832,Legacy Interactive
833,Level 5
834,"Level 5, Brownie Brown"
835,Leviathan Games
836,Lexis Numerique
837,"Lexis Numerique, Virtual Toys"
838,Light Weight
839,LightBox Interactive
840,Lightning Fish Games
841,Lionhead Studios
842,Liquid Dragon Studios
843,Liquid Entertainment
844,Little Orbit
845,Locomotive Games
846,Logris Games
847,Longtail Studios
848,Loose Cannon Studios
849,Lost Toys
850,Lucas Learning
851,LucasArts
852,"LucasArts, BioWare"
853,"LucasArts, Krome Studios"
854,"LucasArts, Red Fly Studio"
855,Lucky Chicken
856,Ludia
857,Ludia Inc.
858,"Luxoflux, Inc."
859,M2
860,M4 Limited
861,MASA Group
862,MBA International
863,MTO
864,"Mac Play, MacPlay"
865,"Machatin, Inc."
866,MachineGames
867,"Machineworks Northwest, WXP"
868,Mad Catz
869,Mad Doc Software
870,"Mad Doc Software, Rockstar Vancouver"
871,Magellan Interactive
872,Magenta Software
873,Magic Pixel Games
874,Magic Pockets
875,Magic Rings
876,MagicWand
877,Magicpot
878,Magix
879,Magnin & Associates
880,Mahou
881,Majesco Games
882,"Majesco Games, Majesco"
883,Mana Comp. Soft.
884,Marvelous
885,Marvelous AQL
886,Marvelous Entertainment
887,Marvelous Inc.
888,Mass Media
889,Massive Entertainment
890,Master Creating
891,Mastertronic
892,"Mastertronic, V5 Play Studio"
893,Mastiff
894,Matrix Software
895,"Matrix Software, Marvelous Entertainment"
896,Max Five
897,Maximum Family Games
898,Maximum Games
899,Maxis
900,Media Molecule
901,"Media Molecule, United Front Games"
902,Media Vision
903,"Media Vision, Contrail"
904,"Mediascape, CUBETYPE"
905,Mekensleep
906,Melbourne House
907,Melesta
908,Mentor Interactive
909,Mercury Steam
910,"Mercury Steam, Alchemic Productions"
911,Mere Mortals
912,Merscom LLC
913,"Metanet Software Inc., SilverBirch Studios"
914,Metia Interactive
915,Metro
916,Metro Graphics
917,Metro3D
918,Metropolis Software
919,Micro Cabin
920,"MicroProse, n-Space"
921,Microids
922,"Microids, Dreamcatcher"
923,Microsoft Game Studios
924,Microsoft Game Studios Japan
925,Microvision
926,Mid Carolina Media
927,Midas Interactive Entertainment
928,Midway
929,Midway Studios - Austin
930,Midway Studios - Los Angeles
931,Midway Studios - Newcastle
932,Midway Studios - San Diego
933,Mikoishi
934,MileStone Inc.
935,Milestone
936,Milestone S.r.l
937,"Milestone, Milestone S.r.l"
938,Million
939,Mind Candy
940,Minds-Eye Productions
941,"Mindscape Inc., Mindscape"
942,Mindware Studios
943,Mistic Software
944,Mistwalker
945,"Mistwalker, Artoon"
946,Mitchell
947,Mix Max
948,Mobile 21
949,Mobius Entertainment
950,Monkey Bar Games
951,Monolith Productions
952,Monolith Soft
953,"Monolith Soft, Banpresto"
954,"Monolith Soft, Namco Bandai Games"
955,Monster Games Inc.
956,Monte Cristo Multimedia
957,Monumental Games
958,Moss
959,Most Wanted Entertainment
960,Mucky Foot Productions
961,Multimedia Intelligence Transfer
962,MumboJumbo
963,Mystic Software
964,N-Fusion Interactive Entertainment Corp.
965,NATSUME ATARI Inc.
966,NEC Interchannel
967,Nadeo
968,Namco
969,Namco Bandai Games
970,Namco Bandai Games America
971,"Namco Bandai Games America, Namco Bandai Games"
972,"Namco Bandai Games, Bandai Namco Games"
973,"Namco Bandai Games, Cellius"
974,"Namco Bandai Games, Monkey Bar Games"
975,NanaOn-Sha
976,Naps Team
977,Natsume
978,Naughty Dog
979,"Naughty Dog, SCE/WWS"
980,"Naughty Dog, Sony Bend"
981,Nautilus
982,Navarre Corp
983,Nd Cube
984,Neko Entertainment
985,Neon Studios
986,"Neon Studios, Kaiko"
987,Neopica
988,Nerve Software
989,NetherRealm Studios
990,Netherock Ltd.
991,Neverland
992,"Neverland, Idea Factory"
993,Neversoft Entertainment
994,"Neversoft Entertainment, BudCat"
995,"Neversoft Entertainment, Underground Development"
996,New
997,Nex Entertainment
998,Next Entertainment
999,Next Level Games
1000,"Next Level Games, Nintendo"
1001,Next Wave Team
1002,Nfusion
1003,Nicalis
1004,Nightlight Studios
1005,Nihilistic
1006,Nikitova Games
1007,Ninja Studio
1008,Ninja Theory
1009,Nintendo
1010,Nintendo EAD Tokyo
1011,"Nintendo, Camelot Software Planning"
1012,"Nintendo, Headstrong Games"
1013,"Nintendo, Intelligent Systems"
1014,"Nintendo, Namco Bandai Games"
1015,"Nintendo, Nd Cube"
1016,"Nintendo, Nintendo Software Technology"
1017,"Nintendo, Spike Chunsoft"
1018,Nippon Ichi Software
1019,"Nippon Ichi Software, Hit Maker"
1020,Nitro Games
1021,Nitro+
1022,Nival Interactive
1023,Nixxes Software
1024,NoWay Studio
1025,Nobilis
1026,Noise Factory
1027,Noise Inc.
1028,Nordcurrent
1029,Nordic Games Publishing
1030,Novarama
1031,Now Production
1032,Ntreev Soft
1033,NuFX
1034,Nuevo Retro Games
1035,"Number None Inc., Knockout Games"
1036,Nvizzio Creations
1037,O-Games
1038,Oberon Media
1039,Obsidian Entertainment
1040,Oddworld Inhabitants
1041,Office Create
1042,OfficeCreate
1043,Omega Force
1044,"Omega Force, Koei Canada"
1045,"Omega Force, Koei Tecmo Games"
1046,"Omega Force, Tecmo Koei Games"
1047,"Omiya Soft, Jamsworks"
1048,One Man Band
1049,OneNine Studios
1050,Open Sesame
1051,Opera House
1052,Opus
1053,Opus Studio
1054,"Opus, Project Sora"
1055,"Orbital Media, Inc."
1056,Ornith
1057,Osaka Studio
1058,Osiris Studios
1059,Other Ocean Interactive
1060,Otomate
1061,Outrage Games
1062,Overkill Software
1063,Overworks
1064,Oxygen Interactive
1065,PAWS
1066,"PLAYGROUND, Playground Games"
1067,"PM Studios Inc., Pentavision Entertainment"
1068,PQube
1069,Pacific Century Cyber Works
1070,Pacific Coast Power & Light
1071,Page 44 Studios
1072,Pam Development
1073,"Pam Development, 2K Sports"
1074,Pandemic Studios
1075,Panic Button
1076,Panther Software
1077,Paon Corporation
1078,Papaya Studios
1079,Paprikari
1080,Papyrus
1081,Paradigm Entertainment
1082,Paradox Development
1083,Paradox Development Studio
1084,Paradox Interactive
1085,Pax Softonica
1086,Pendulo Studios
1087,Pentavision Entertainment
1088,People Can Fly
1089,Performance Designed Products
1090,Petroglyph
1091,Phantagram
1092,Phenomedia
1093,Phoenix Entertainment
1094,Phoenix Games Studio
1095,Phoenix Interactive Entertainment
1096,"Phosphor Games Studio, LLC"
1097,Pinegrow
1098,Pipe Dream Interactive
1099,"Pipeworks Software, Inc."
1100,Piranha Bytes
1101,Piranha Games
1102,Pitbull Syndicate
1103,Pivotal Games
1104,Pixel Tales
1105,Planet Interactive
1106,Planet Moon Studios
1107,Platinum Egg
1108,PlatinumGames
1109,Plato
1110,Playbox Limited
1111,Playground Games
1112,"Playlogic, The Game Factory"
1113,Playrix Entertainment
1114,Playstos Entertainment
1115,Pocket Studios
1116,Pocketeers
1117,Point of View
1118,Polygon Magic
1119,Polyphony Digital
1120,PopCap
1121,PopTop Software
1122,Powerhead Games
1123,Premium Agency
1124,Presto Studios
1125,ProSoft
1126,Prograph
1127,Project Aces
1128,Project Soul
1129,Prokion
1130,Prolific
1131,Pronto Games
1132,Propaganda Games
1133,Prope
1134,"Prope, Kadokawa"
1135,Pseudo Interactive
1136,Psikyo
1137,Psygnosis
1138,Psyonix
1139,Pterodon
1140,"Punchline, Shirogumi"
1141,Purple Hills
1142,PuzzleKings
1143,Pyramid
1144,Pyro Studios
1145,Q Entertainment
1146,Q-Games
1147,Quantic Dream
1148,Quest
1149,Quicksilver Software
1150,RED Entertainment
1151,"RED Entertainment, Artdink"
1152,"RED Entertainment, Compile Heart"
1153,"RED Entertainment, Spike Chunsoft"
1154,RFX Interactive
1155,Racjin
1156,Radical Entertainment
1157,Radius9
1158,Rage Software
1159,Rainbow S.p.A.
1160,Rainbow Studios
1161,Rare Ltd.
1162,"Rare Ltd., BigPark"
1163,Raster
1164,Ratbag
1165,Raven Software
1166,Ravenscourt
1167,Raylight Studios
1168,Razorback Developments
1169,Razorworks
1170,Razorworks Studios
1171,Re-Logic
1172,React Games
1173,Ready at Dawn
1174,"Ready at Dawn, SCE Santa Monica"
1175,Realism Ltd
1176,Reality Pump
1177,Realmforge Studios
1178,Realtime Worlds
1179,Rebellion
1180,"Rebellion, Neversoft Entertainment"
1181,Red 5 Software
1182,Red Fly Studio
1183,Red Storm Entertainment
1184,"Red Storm Entertainment, Ubisoft Montreal"
1185,"Red Storm Entertainment, Ubisoft Paris"
1186,Red Tribe
1187,"Red Tribe, Brash Entertainment"
1188,Red Wagon Games
1189,Red Zone Entertainment
1190,RedLynx
1191,Reflections Interactive
1192,Related Designs
1193,Relic
1194,"Reloaded Productions, Reloaded Games Inc."
1195,Remedy Entertainment
1196,Renegade Kid
1197,"Replay Studios, ML Enterprises"
1198,Respawn Entertainment
1199,Retro Studios
1200,"Retro Studios, Entertainment Analysis & Development Division"
1201,Revistronic
1202,Revolution Software
1203,Rhino Studios
1204,Rising Star Games
1205,"Ritual Entertainment, Avalanche Software"
1206,Robomodo
1207,Rockstar Leeds
1208,Rockstar London
1209,Rockstar North
1210,Rockstar San Diego
1211,Rockstar Studios
1212,Rockstar Toronto
1213,"Rockstar Toronto, Rockstar Leeds"
1214,Rockstar Vancouver
1215,Rockstar Vienna
1216,Rocksteady Studios
1217,"Rocksteady Studios, Iron Galaxy Studios"
1218,"Rocksteady Studios, Virtuos"
1219,Ronin Entertainment
1220,Route 1 Games
1221,"Rovio Mobile, Rovio Entertainment"
1222,Roxor Games
1223,Ruffian Games
1224,Runecraft
1225,Runic Games
1226,Runtime
1227,Ryu ga Gotoku Studios
1228,S-Neo
1229,SCE Japan Studio
1230,"SCE Japan Studio, comcept"
1231,SCE Santa Monica
1232,SCE Studio Cambridge
1233,"SCE/WWS, Media Molecule"
1234,"SCE/WWS, SCE Japan Studio"
1235,SCEA
1236,SCEA San Diego Studios
1237,SCEA Sports Studio
1238,"SCEA, Sims"
1239,"SCEA, Think and Feel"
1240,"SCEA, Zindagi Games"
1241,SCEE
1242,SCEE London Studio
1243,"SCEE, Zoe Mode"
1244,SCEI
1245,SCEJ
1246,SCS Software
1247,SCi
1248,SEGA Racing Studio
1249,SEK Ost
1250,SME Dynamic Systems Limited
1251,SNK
1252,SNK Playmore
1253,SScholastic Media
1254,Sabarasa Entertainment
1255,Saber Interactive
1256,Sabertooth Games
1257,Sacnoth
1258,Saffire
1259,Sand Grain Studios
1260,Sandlot
1261,Sandlot Games
1262,"Sandlot Games, Digital Embryo"
1263,Sanrio Digital
1264,Santa Cruz Games
1265,Santa Entertainment
1266,Sanuk Games
1267,"Sanuk Software Co., Ltd., Sanuk Games"
1268,Sanzaru Games
1269,"Sanzaru Games, Sanzaru Games, Inc."
1270,Sarbakan Inc.
1271,Savage Entertainment
1272,"Scholastic, Inc."
1273,Scientifically Proven
1274,"Screenlife Games, WXP"
1275,"Seamless Entertainment, Inc."
1276,Secret Level
1277,Secret Stash Games
1278,Sega
1279,Sega AM2
1280,Sega AM3
1281,Sega Studios San Francisco
1282,Sega Toys
1283,"Sega, Dimps Corporation"
1284,"Sega, French-Bread"
1285,"Sega, Sonic Team"
1286,"Sega, Tom Create"
1287,Sennari Interactive
1288,Sensory Sweep
1289,Seta Corporation
1290,Seven45 Studios
1291,Shaba Games
1292,Shade
1293,Shift
1294,"Shift, Bandai Namco Games"
1295,Shin'en
1296,Shiny Entertainment
1297,Sick Puppies
1298,Sidhe Interactive
1299,Silicon Dreams
1300,Silicon Knights
1301,Silicon Studio
1302,Silver Wish Games
1303,SilverBirch Studios
1304,SimBin
1305,Simon & Schuster
1306,Sims
1307,SingleTrac
1308,Skip Ltd.
1309,SkyRiver Studios
1310,Skyworks Technologies
1311,Slam Games
1312,Slant Six
1313,Sledgehammer Games
1314,Slightly Mad Studios
1315,Slitherine
1316,Smack Down Productions
1317,Small Rockets
1318,Smart Bomb Interactive
1319,SmartDog
1320,Smilebit
1321,Snap Dragon Games
1322,Snapdragon
1323,Snowblind Studios
1324,Societe Pollene
1325,SoftMax
1326,Software Creations
1327,SolWorks
1328,Sonic Powered
1329,Sonic Team
1330,Sonnori
1331,Sony Bend
1332,Sony Interactive Entertainment
1333,Sony Online Entertainment
1334,"Sony Online Entertainment, Mind Control Software"
1335,SouthPeak Games
1336,Southend Interactive
1337,Spark Unlimited
1338,"Spark Unlimited, comcept"
1339,Spellbound
1340,Spicy Horse
1341,SpiderMonk
1342,Spiders
1343,"Spidersoft, Spiders"
1344,Spike
1345,Spike Chunsoft
1346,"Spike Chunsoft Co. Ltd., Spike Chunsoft"
1347,"Spike Chunsoft, Chime"
1348,"Spike, Namco Bandai Games"
1349,Splash Damage
1350,"Splash Damage, The Coalition"
1351,Sports Interactive
1352,Square Enix
1353,"Square Enix, TOSE"
1354,"Square Enix, Think and Feel"
1355,"Square Enix, Tri-Ace"
1356,"Square Enix, h.a.n.d. Inc."
1357,SquareSoft
1358,Squashy Software
1359,Stainless Games
1360,Stainless Steel Studios
1361,Stalker Entertainment
1362,Starbreeze
1363,Starfish
1364,Starfish SD
1365,Starsphere Interactive
1366,Stealth Studios
1367,Steel Monkeys
1368,Still Alive Studios
1369,Sting
1370,Storm City Games
1371,Stormfront Studios
1372,Stormregion
1373,Strangelite
1374,Strawdog Studios
1375,Studio 33
1376,Studio Archcraft
1377,Studio Gigante
1378,Studio Liverpool
1379,Studio Saizensen
1380,StudioBlack Games
1381,Subterranean Games
1382,Success
1383,Sucker Punch
1384,Sumo Digital
1385,"Sumo Digital, Playground Games"
1386,Sun-Tec
1387,SunSoft
1388,Sunflowers Interactive
1389,Sunrise Interactive
1390,Super Empire
1391,Super X Studios
1392,SuperBot Entertainment
1393,SuperMassive Games
1394,SuperVillain Studios
1395,Supersonic Software
1396,Surreal Software
1397,Suzak
1398,Swingin' Ape
1399,Swordfish Studios
1400,Synetic
1401,Syscom
1402,System 3
1403,System Prisma
1404,SystemSoft
1405,T&E Soft
1406,TDK Mediactive
1407,THQ
1408,THQ Australia
1409,THQ Digital Studio Phoenix
1410,"THQ, 1C, 1C Company"
1411,"THQ, AWE Games"
1412,"THQ, Altron"
1413,"THQ, Independent Arts"
1414,"THQ, Yuke's"
1415,TML-Studios
1416,TOSE
1417,TOYBOX
1418,TT Fusion
1419,TT Games
1420,Tabot
1421,Tactical Development
1422,Taito Corporation
1423,"Taito Corporation, 505 Games"
1424,Takara
1425,Takara Tomy
1426,Take-Two Interactive
1427,Tamsoft
1428,"Tamsoft, D3Publisher"
1429,Tango Gameworks
1430,Taniko
1431,Tantalus Interactive
1432,"Tantalus Interactive, Tantatus, Nintendo"
1433,Tantatus
1434,"Targem Games, TopWare Interactive"
1435,"Tarsier Studios, Double Eleven"
1436,Tate Interactive
1437,Team 17
1438,"Team 17, Two Tribes"
1439,Team Bondi
1440,Team Fusion
1441,Team Ninja
1442,"Team Ninja, Tecmo"
1443,Team Soho
1444,Team6 Game Studios
1445,Techland
1446,Tecmo
1447,Tecmo Koei Canada
1448,Tecmo Koei Games
1449,"Tecmo, Graphic Research"
1450,"Tecmo, Ntreev Soft"
1451,Tectonic Studios
1452,Telegames
1453,"Telegames, Inc."
1454,Telenet
1455,Telltale Games
1456,Tenky
1457,Tenyo
1458,Terminal Reality
1459,"Terminal Reality, 4mm Games"
1460,"Tetris Online, Inc"
1461,Teyon
1462,ThatGameCompany
1463,The Behemoth
1464,The Coalition
1465,The Code Monkeys
1466,"The Digital Lounge, Dino Dini"
1467,The Fun Pimps Entertainment LLC
1468,The Game Factory
1469,The Learning Company
1470,The Odd Gentlemen
1471,The Sims Studio
1472,The Tangentlemen
1473,The Workshop
1474,Tiertex Design Studios
1475,Tigon
1476,Tilted Mill
1477,TimeGate Studios
1478,"TimeGate Studios, Day 1 Studios"
1479,Titus Software
1480,Tiwak
1481,Toka
1482,Tommo
1483,Tomy Corporation
1484,Toolbox Design
1485,Top Heavy Studios
1486,TopWare Interactive
1487,Tornado Studios
1488,Torus Games
1489,"Torus Games, Little Orbit"
1490,Tose Software
1491,Totally Games
1492,Touchdown Entertainment
1493,Toys for Bob
1494,Tragnarion Studios
1495,Tranji
1496,Transmission Games
1497,Traveller's Tales
1498,Treasure
1499,Trendy Entertainment
1500,Treyarch
1501,"Treyarch, Infinity Ward"
1502,"Treyarch, Shaba Games"
1503,"Treyarch, Sledgehammer Games"
1504,Tri-Ace
1505,Tri-Crescendo
1506,Trickstar Games
1507,Trilobyte
1508,Trine Games
1509,Trion Worlds
1510,Triple Eh? Ltd
1511,Tripwire Interactive
1512,Triumph Studios
1513,Turbine Inc.
1514,Turn 10
1515,Turtle Rock Studios
1516,Twelve Games
1517,Twisted Pixel Games
1518,Two Tribes
1519,UBlart Montpellier
1520,UDS
1521,UFO Interactive
1522,"UFO Interactive, CyberPlanet Interactive Public Co., Ltd."
1523,UGA
1524,Uacari
1525,Ubisoft
1526,Ubisoft Annecy
1527,Ubisoft Barcelona
1528,"Ubisoft Barcelona, Ubisoft Reflections"
1529,Ubisoft Bulgaria
1530,Ubisoft Casablanca
1531,Ubisoft Milan
1532,Ubisoft Montpellier
1533,Ubisoft Montreal
1534,Ubisoft Nagoya
1535,Ubisoft Osaka
1536,Ubisoft Paris
1537,"Ubisoft Paris, Ubisoft Montpellier"
1538,Ubisoft Porto Alegre
1539,Ubisoft Quebec
1540,Ubisoft Reflections
1541,"Ubisoft Reflections, Ivory Tower"
1542,Ubisoft Romania
1543,Ubisoft Sao Paulo
1544,Ubisoft Shanghai
1545,Ubisoft Shanghai/Paris
1546,Ubisoft Sofia
1547,Ubisoft Toronto
1548,Ubisoft Vancouver
1549,"Ubisoft, FunHouse"
1550,"Ubisoft, Ludia Inc."
1551,"Ubisoft, Moss"
1552,"Ubisoft, Powerhead Games"
1553,"Ubisoft, Sensory Sweep"
1554,"Ubisoft, Ubisoft Montreal"
1555,"Unigine Corp, Russia"
1556,"United Coders, Wizardry Engineering"
1557,United Front Games
1558,Universomo
1559,Urban Games
1560,VIS Entertainment
1561,VSTEP
1562,VU Games
1563,Valcon Games
1564,Valhalla Game Studios
1565,ValuSoft
1566,"Valuewave Co.,Ltd."
1567,Valve Software
1568,Vanguard
1569,Vanilla Ware
1570,Vanillaware
1571,Vanpool
1572,Various
1573,Vatra
1574,Velez & Dubail
1575,"Venan Entertainment, Cashmere Prod."
1576,Venom Games
1577,Vicarious Visions
1578,"Vicarious Visions, Neversoft Entertainment"
1579,Vicious Cycle
1580,"Vicious Cycle, Infinite Interactive"
1581,"Vicious Cycle, Little Orbit"
1582,Victor Interactive Software
1583,Vigil Games
1584,Vingt-et-un Systems
1585,Vir2L Studios
1586,Virtual Air Guitar Company
1587,Virtual Play Inc.
1588,Virtual Toys
1589,Virtucraft
1590,Virtuos
1591,Visceral Games
1592,Visual Concepts
1593,Visual Impact
1594,Visual Sciences
1595,"Viva Media, Viva Media, LLC"
1596,Vivarium
1597,Vivendi Games
1598,Vogster
1599,Void Productions
1600,Volatile Games
1601,Volition Inc.
1602,"Volition Inc., CD Projekt Red Studio, CD Projekt, CD Projekt Localisation Centre"
1603,"Volition Inc., Reactor Zero"
1604,Voxler
1605,WB Games Montreal
1606,WBIE
1607,WXP
1608,War Drum Studios
1609,Warashi
1610,Wargaming.net
1611,Warner Bros. Interactive Entertainment
1612,"Warner Bros. Interactive Entertainment, NetherRealm Studios"
1613,Warthog
1614,WayForward
1615,Webfoot Technologies
1616,Westwood Studios
1617,White Birds Productions
1618,Whitebear
1619,Wicked Studios
1620,Wicked Witch Software
1621,Wide Games
1622,WideScreen Games
1623,Wideload Games Inc.
1624,WildTangent
1625,Wildfire Studios
1626,Will
1627,WinkySoft
1628,Wizarbox
1629,WorkJam
1630,Wow Entertainment
1631,XPEC Entertainment Inc.
1632,XS Games
1633,Xpec
1634,Y's K
1635,Yacht Club Games
1636,Yager
1637,Yuke's
1638,"Yuke's, Yuke's Company of America"
1639,"Z-Axis, Ltd."
1640,Zed Two Limited
1641,Zen Studios
1642,Zener Works
1643,ZeniMax Media
1644,ZeptoLab
1645,Zerodiv
1646,Zeroscale
1647,Zig Zag
1648,ZigZagIsland
1649,Zindagi Games
1650,Zipper Interactive
1651,Zoe Mode
1652,"Zoe Mode, HB Studios Multimedia"
1653,Zombie
1654,Zombie Studios
1655,Zono Inc.
1656,Zoo Digital Publishing
1657,Zoo Games
1658,Zoom
1659,Zoonami Ltd.
1660,ZootFly
1661,Zushi Games Ltd
1662,Zuxxez
1663,dtp Young Entertainment AG
1664,eGames
1665,eV Interactive
1666,exozet
1667,h.a.n.d. Inc.
1668,iNiS
1669,iRock Interactive
1670,iWin
1671,id Software
1672,"id Software, Nerve Software"
1673,"id Software, Raven Software"
1674,n-Space
1675,neo Software
1676,odenis studio
1677,oeFun
1678,puzzle.tv
1679,syn Sophia
1680,zSlide
